Model,AUC,Accuracy,Precision,Recall,F1,MCC,KS-statistic,Cross-Entropy,TopK
ESMFold_prot_bert_mean_5e-4_full,0.028679245285648764,0.03964006367625718,0.04599368886807557,0.04598348232306068,0.03729910567104881,0.07558694780316898,0.04994892388928391,0.04583152070710164,0.04008497590127343
