Model,AUC,Accuracy,Precision,Recall,F1,MCC,KS-statistic,Cross-Entropy,TopK
ESMFold_prot_bert_mean_5e-4_full,0.8267883060586432,0.7538461538461538,0.676071522563458,0.7336166253101737,0.7026179397075103,0.4948466794957717,0.5759529597629252,0.4984796689829699,0.7173913043478259
