Model,AUC,Accuracy,Precision,Recall,F1,MCC,KS-statistic,Cross-Entropy,TopK
ESMFold_ankh-base_mean_5e-4_foldseek_only,0.8308835291316768,0.7589743589743589,0.6691982966624287,0.8045188768336627,0.7294204165894695,0.5231186333371699,0.6002424777391981,0.5113899948618488,0.808695652173913
