Model,AUC,Accuracy,Precision,Recall,F1,MCC,KS-statistic,Cross-Entropy,TopK
ESMFold_esm2_t33_650M_UR50D_mean_5e-4_ez_only,0.7842294972291275,0.685897435897436,0.5983895846700725,0.7385911642048212,0.6592863384328018,0.3800605134610212,0.44300697386566,0.551887359873091,0.717391304347826
