Model,AUC,Accuracy,Precision,Recall,F1,MCC,KS-statistic,Cross-Entropy,TopK
ESMFold_prot_bert_mean_5e-4_ez_only,0.8837013292988811,0.8223175965665236,0.7688298870532113,0.7493061685302997,0.7581109185730192,0.6185850616781055,0.6607966749467813,0.4079148588770849,0.8391304347826087
