Model,AUC,Accuracy,Precision,Recall,F1,MCC,KS-statistic,Cross-Entropy,TopK
ESMFold_ankh-base_mean_5e-4_aa_only,0.9462018924591196,0.8483870967741935,0.8126898964735121,0.9100209445688074,0.8584618944907971,0.7014274838137875,0.754391424443171,0.3406496880020675,0.982882882882883
