Model,AUC,Accuracy,Precision,Recall,F1,MCC,KS-statistic,Cross-Entropy,TopK
ESMFold_esm2_t33_650M_UR50D_mean_5e-4_full,0.9025716499961411,0.8575107296137338,0.8150999268958777,0.7889108451808976,0.8015236096397906,0.6907535294276037,0.7045271004532243,0.3941465377859058,0.8623188405797102
