Model,AUC,Accuracy,Precision,Recall,F1,MCC,KS-statistic,Cross-Entropy,TopK
ESMFold_esm2_t33_650M_UR50D_mean_5e-4_aa_only,0.8880547188702884,0.8300429184549356,0.784086277682933,0.7234724603338037,0.7523541451965864,0.6244763872034286,0.6869101183666717,0.3936139963313938,0.8
