Model,AUC,Accuracy,Precision,Recall,F1,MCC,KS-statistic,Cross-Entropy,TopK
ESMFold_ankh-base_mean_5e-4_foldseek_only,0.8665558576714693,0.8313304721030044,0.8224113113989808,0.7019622945983438,0.7567633487476306,0.6337140558142449,0.630838151519408,0.4475412965859908,0.8478260869565218
