Model,AUC,Accuracy,Precision,Recall,F1,MCC,KS-statistic,Cross-Entropy,TopK
ESMFold_esm2_t33_650M_UR50D_mean_5e-4_ez_only,0.8824490999249136,0.8201716738197424,0.7649174175425171,0.7516304600589561,0.7576831388890075,0.6150889780994073,0.6711012472566329,0.4083704241151044,0.7985507246376812
