Model,AUC,Accuracy,Precision,Recall,F1,MCC,KS-statistic,Cross-Entropy,TopK
ESMFold_ankh-base_mean_5e-4_ez_only,0.9605915095816542,0.8809139784946236,0.8522513546245808,0.9264848822061909,0.8877178573371347,0.7644445355053173,0.8129117571494746,0.2780059646158762,0.9882882882882882
