Method,AUC,Accuracy,Precision,Recall,F1
vexi,0.7083726972130373,0.6738197424892703,0.5404411764705882,0.8448275862068966,0.6591928251121076
vaxijen2,0.7849944890568414,0.759656652360515,0.6260162601626016,0.8850574712643678,0.7333333333333333
vaxijen3,0.8376043142812156,0.8605150214592274,0.8609271523178808,0.7471264367816092,0.8
