Method,AUC,Accuracy,Precision,Recall,F1
vaxijen2,0.5488352027610008,0.5576923076923077,0.44285714285714284,0.5081967213114754,0.4732824427480916
vaxijen3,0.5,0.391025641025641,0.391025641025641,1.0,0.5622119815668203
