Method,AUC,Accuracy,Precision,Recall,F1
vexi,0.6397917871602081,0.6451612903225806,0.6035714285714285,0.8894736842105263,0.7191489361702128
vaxijen2,0.8169751301330249,0.8198924731182796,0.7573221757322176,0.9526315789473684,0.8438228438228438
vaxijen3,0.675375939849624,0.6814516129032258,0.6222222222222222,0.9578947368421052,0.7544041450777202
virusimmu,0.5884904569115096,0.5913978494623656,0.580168776371308,0.7236842105263158,0.6440281030444965
