Model,AUC,Accuracy,Precision,Recall,F1,MCC,KS-statistic,Cross-Entropy,TopK
ESMFold_ankh-base_mean_5e-4_aa_only,0.6585208429981366,0.6089743589743589,0.0,0.0,0.0,0.0,0.3336093342823084,0.6678828957116096,0.5130434782608696
