Model,AUC,Accuracy,Precision,Recall,F1,MCC,KS-statistic,Cross-Entropy,TopK
ESMFold_ankh-base_mean_5e-4_ez_only,0.6701977409934652,0.6269230769230769,0.0,0.0,0.0,0.0,0.3348763189168978,0.659234554472187,0.4869565217391304
