Model,AUC,Accuracy,Precision,Recall,F1,MCC,KS-statistic,Cross-Entropy,TopK
ESMFold_ankh-base_mean_5e-4_full,0.8679328424653656,0.8283261802575108,0.8255254720951608,0.6842828619238783,0.7476255466757553,0.6261107643062862,0.6322280488704336,0.4415574551525707,0.826086956521739
