Model,AUC,Accuracy,Precision,Recall,F1,MCC,KS-statistic,Cross-Entropy,TopK
ESMFold_prot_bert_attention1d_5e-4_full_,0.019533204303007194,0.010866084893710012,0.030023138179787634,0.03426472779879874,0.01792866569367612,0.023891094102821323,0.03399056787958298,0.06536813828248408,0.027688366919627262
